,Titles,Variable,Value
0,わんだふるぷりきゅあ︕,0,日曜 8:30 / ABCテレビ・テレビ朝日系列 他…
1,新幹線変形ロボ シンカリオン チェンジ ザ ワールド,0,日曜 8:30 / テレビ東京系列 他…
2,杖と剣のウィストリア,0,日曜 16:30 / TBS系全国28局ネット 他…
3,キャプテン翼シーズン2 ジュニアユース編,0,日曜 17:30 / テレビ東京系6局ネット
4,FAIRY TAIL 100年クエスト,0,日曜 17:30 / テレビ東京系列6局ネット
5,0歳児スタートダッシュ物語,0,日曜 17:55 / テレビ埼玉
6,[再] ハクション大魔王,0,日曜 20:45 / BS12
7,[再] アイドルマスター シンデレラガールズ,0,日曜 21:30 / TOKYO MX 他…
8,伊藤潤二 マニアック,0,日曜 22:00 / TOKYO MX
9,神之塔 -Tower of God- (第2期),0,日曜 23:00 / TOKYO MX 他…
10,[再] 転生貴族、鑑定スキルで成り上がる,0,日曜 23:00 / BS日テレ
11,キン肉マン 完璧超人始祖編 (第3期),0,日曜 23:30 / CBC／TBS系全国28局ネット 他…
12,しかのこのこのここしたんたん,0,日曜 23:30 / TOKYO MX 他…
13,菜なれ花なれ,0,日曜 23:45 / テレビ東京系列 他…
14,VTuberなんだが配信切り忘れたら伝説になってた,0,日曜 24:30 / TOKYO MX 他…
15,よあそびぐらしっ！,0,日曜 25:00 / TOKYO MX 他…
16,異世界ゆるり紀行 ～子育てしながら冒険者します～,0,日曜 25:50 / テレビ東京 他…
17,闇芝居 十三期,0,日曜 26:50 / テレビ東京
18,[再] ゲゲゲの鬼太郎 (第6期),0,月曜 18:30 / TOKYO MX
19,[再] ゾイド -ZOIDS-,0,月曜 19:00 / TOKYO MX
20,[再] ぷにるんず,0,月曜 19:00 / TOKYO MX
21,真夜中ぱんチ,0,月曜 22:30 / TOKYO MX 他…
22,[再] MFゴースト,0,月曜 23:00 / TOKYO MX
23,[再] カードファイト!! ヴァンガード Divinez,0,月曜 23:00 / BS日テレ
24,[再] 文豪ストレイドッグス 第2シーズン,0,月曜 23:30 / BS松竹東急
25,NINJA KAMUI,0,月曜 24:00 / TOKYO MX
26,SHY (第2期),0,月曜 24:00 / テレビ東京系6局ネット 他…
27,[再] 五等分の花嫁,0,月曜 24:00 / BS11
28,[再] ゴールデンカムイ 第三期,0,月曜 24:30 / TOKYO MX
29,狼と香辛料 merchant meets the wise wolf,0,月曜 25:30 / テレビ東京 他…
30,新米オッサン冒険者、最強パーティに死ぬほど鍛えられて無敵になる。,0,月曜 26:00 / テレビ東京 他…
31,[再] ＧＯ！ＧＯ！アトム,0,火曜 18:30 / TOKYO MX
32,[再] 名探偵ホームズ,0,火曜 19:00 / TOKYO MX
33,[再] マジンガーＺ,0,火曜 19:30 / TOKYO MX
34,[再] 機動戦士ガンダムSEED HDリマスター,0,火曜 22:29 / TOKYO MX
35,僕の妻は感情がない,0,火曜 23:00 / TOKYO MX 他…
36,かつて魔法少女と悪は敵対していた。,0,火曜 23:00 / BS11 他…
37,[再] 徒然チルドレン,0,火曜 23:15 / BS11
38,[再] 有頂天家族2,0,火曜 23:30 / BS松竹東急
39,[再] 即死チートが最強すぎて、異世界のやつらがまるで相手にならないんですが。,0,火曜 24:00 / BSフジ 他…
40,[再] モノノ怪,0,火曜 24:00 / テレビ東京系列
41,異世界失格,0,火曜 24:30 / TOKYO MX 他…
42,[再] 呪術廻戦,0,火曜 24:35 / BS日テレ
43,[再] 超普通県チバ伝説 (第4期),0,火曜 25:00 / TOKYO MX
44,[再] その着せ替え人形は恋をする,0,火曜 25:00 / BS11
45,銀河英雄伝説 Die Neue These 激突 (第3期),0,火曜 25:35 / 日本テレビ
46,多数欠,0,火曜 26:10 / 日本テレビ 他…
47,ライジングインパクト シーズン2,0,火曜 / Netflix
48,[再] おジャ魔女どれみ,0,水曜 18:30 / TOKYO MX
49,[再] キラッとプリ☆チャン,0,水曜 19:00 / TOKYO MX
50,[再] デリシャスパーティ♡プリキュア,0,水曜 19:30 / TOKYO MX
51,湖池屋SDGs劇場 サスとテナ シーズン5,0,水曜 20:54 / BS朝日
52,魔王軍最強の魔術師は人間だった,0,水曜 22:00 / TOKYO MX 他…
53,[再] TSUKIPRO THE ANIMATION,0,水曜 22:30 / TOKYO MX 他…
54,【推しの子】 (第2期),0,水曜 23:00 / TOKYO MX 他…
55,時々ボソッとロシア語でデレる隣のアーリャさん,0,水曜 23:30 / TOKYO MX 他…
56,[再] 明治撃剣－1874－,0,水曜 23:30 / BS松竹東急
57,戦国妖狐 千魔混沌編 (第2期),0,水曜 24:00 / TOKYO МX 他…
58,[再] 精霊幻想記,0,水曜 24:30 / BSフジ
59,デリコズ・ナーサリー,0,水曜 24:30 / TOKYO MX 他…
60,[再] 柚木さんちの四兄弟。,0,水曜 25:00 / BS11
61,恋は双子で割り切れない,0,水曜 25:00 / TOKYO MX 他…
62,[再] カミエラビ,0,水曜 25:10 / フジテレビ 他…
63,下の階には澪がいる,0,水曜 25:25 / フジテレビ 他…
64,キミと僕の最後の戦場、あるいは世界が始まる聖戦 season II,0,水曜 25:30 / TOKYO MX 他…
65,T・Pぼん シーズン2,0,水曜 / Netflix
66,[再] ドキドキ！プリキュア,0,木曜 19:30 / TOKYO MX
67,義妹生活,0,木曜 22:30 / TOKYO MX 他…
68,[再] BanG Dream! It's MyGO!!!!!,0,木曜 23:00 / TOKYO MX 他…
69,[再] HUNTER×HUNTER(2011年版),0,木曜 23:30 / BS日テレ
70,黄昏アウトフォーカス,0,木曜 23:30 / TOKYO MX 他…
71,[再] ARIA The NATURAL (第2期),0,木曜 23:30 / BS松竹東急
72,ラーメン赤猫,0,木曜 23:56 / TBS系28局
73,俺は全てを【パリイ】する〜逆勘違いの世界最強は冒険者になりたい〜,0,木曜 24:00 / TOKYO MX 他…
74,女神のカフェテラス (第2期),0,木曜 24:26 / MBS/TBS系28局 他…
75,疑似ハーレム,0,木曜 24:30 / TOKYO MX 他…
76,[再] アルドノア・ゼロ,0,木曜 24:30 / BS11
77,ハズレ枠の【状態異常スキル】で最強になった俺がすべてを蹂躙するまで,0,木曜 24:59 / TBS 他…
78,先輩はおとこのこ,0,木曜 25:10 / フジテレビ 他…
79,[再] 七つの大罪 黙示録の四騎士,0,木曜 25:29 / TBS系
80,[再] 最強タンクの迷宮攻略〜体力9999のレアスキル持ちタンク、勇者パーティーを追放される〜,0,木曜 26:00 / BS12
81,君に届け 3RD SEASON,0,木曜 / Netflix
82,Terminator Zero,0,木曜 / Netflix
83,BEYBLADE X,0,金曜 18:25 / テレビ東京 他…
84,[再] 僕のヒーローアカデミア (第1期),0,金曜 18:30 / TOKYO MX
85,[再] 機動戦士ガンダム 水星の魔女,0,金曜 19:30 / BS11
86,[再] 百姓貴族,0,金曜 21:54 / TOKYO MX
87,[再] イナズマイレブン フットボールフロンティア編,0,金曜 22:00 / TOKYO MX
88,2.5次元の誘惑(リリサ),0,金曜 22:30 / TOKYO MX 他…
89,転生したらスライムだった件 第3期,0,金曜 23:00 / 日本テレビ系列全国30局ネット「FRIDAY ANIME NIGHT（フラアニ）」枠 他…
90,NieR:Automata Ver1.1a 第2クール,0,金曜 23:30 / TOKYO MX 他…
91,ばいばい、アース,0,金曜 23:30 / WOWOW 他…
92,[再] ソードアート・オンライン オルタナティブ ガンゲイル・オンライン,0,金曜 24:00 / TOKYO MX 他…
93,異世界スーサイド・スクワッド,0,金曜 24:30 / TOKYO MX 他…
94,[再] Fate/stay night [Unlimited Blade Works],0,金曜 25:00 / BS11
95,グレンダイザーU,0,金曜 25:23 / テレビ東京 他…
96,ダンジョンの中のひと,0,金曜 25:53 / MBS 他…
97,未来の黒幕系悪役令嬢モリアーティーの異世界完全犯罪白書,0,金曜 25:56 / CBCテレビ
98,[再] 機甲創世記モスピーダ,0,金曜 26:00 / BS12
99,この世界は不完全すぎる,0,金曜 26:23 / TBS 他…
100,[再] ダイヤのA actII (第3期),0,金曜 26:30 / BSJapanext
101,こねこのチー ポンポンらー夏休み (第5期),0,金曜 / Netflix
102,貼りまわれ！こいぬ (第2期),0,土曜 7:00 / テレビ東京 他…
103,カードファイト!! ヴァンガード Divinez Season2,0,土曜 8:00 / テレビ東京系列6局ネット 他…
104,[再] オーイ！とんぼ,0,土曜 10:00 / テレビ東京系列
105,[再] 機動武闘伝Gガンダム,0,土曜 19:00 / BS11
106,〈物語〉シリーズ オフ＆モンスターシーズン,0,土曜 22:00 / ABEMA
107,モブから始まる探索英雄譚,0,土曜 22:00 / TOKYO MX 他…
108,なぜ僕の世界を誰も覚えていないのか？,0,土曜 22:30 / TOKYO MX 他…
109,[再] VAZZROCK THE ANIMATION,0,土曜 23:00 / BS日テレ
110,天穂のサクナヒメ,0,土曜 23:00 / テレビ東京 他…
111,逃げ上手の若君,0,土曜 23:30 / TOKYO MX 他…
112,烏は主を選ばない,0,土曜 23:45 / NHK総合
113,ATRI -My Dear Moments-,0,土曜 24:00 / TOKYO MX 他…
114,負けヒロインが多すぎる！,0,土曜 24:30 / TOKYO MX 他…
115,ザ・ファブル,0,土曜 24:55 / 日本テレビ 他…
116,現代誤訳,0,土曜 25:00 / TOKYO MX 他…
117,エルフさんは痩せられない。,0,土曜 25:30 / TOKYO MX 他…
118,小市民シリーズ,0,土曜 25:40 / テレビ朝日系全国24局ネット“NUMAnimation”枠 他…
119,[再] 犬になったら好きな人に拾われた。,0,土曜 25:45 / TOKYO MX 他…
120,[再] いわかける！,0,土曜 26:00 / ABCテレビ・テレビ朝日系列全国24局ネット
121,魔導具師ダリヤはうつむかない,0,土曜 27:38 / MBS 他…
122,わんだふるぷりきゅあ︕,1,・ABCテレビ・テレビ朝日系列: 2/4(日) 08:30
123,新幹線変形ロボ シンカリオン チェンジ ザ ワールド,1,・テレビ東京系列: 4/7(日) 08:30
124,杖と剣のウィストリア,1,・TBS系全国28局ネット: 7/7(日) 16:30
125,キャプテン翼シーズン2 ジュニアユース編,1,・テレビ東京系6局ネット: 10/1(日) 17:30
126,FAIRY TAIL 100年クエスト,1,・テレビ東京系列6局ネット: 7/7(日) 17:30
127,0歳児スタートダッシュ物語,1,・テレビ埼玉: 7/7(日) 17:55
128,[再] ハクション大魔王,1,・BS12: 7/14(日) 20:45
129,[再] アイドルマスター シンデレラガールズ,1,全25話放送
130,伊藤潤二 マニアック,1,・TOKYO MX: 7/7(日) 22:00
131,神之塔 -Tower of God- (第2期),1,・TOKYO MX: 7/7(日) 23:00
132,[再] 転生貴族、鑑定スキルで成り上がる,1,・BS日テレ: 7/7(日) 23:00
133,キン肉マン 完璧超人始祖編 (第3期),1,・CBC／TBS系全国28局ネット: 7/7(日) 23:30
134,しかのこのこのここしたんたん,1,・TOKYO MX: 7/7(日) 23:30
135,菜なれ花なれ,1,・テレビ東京系列: 7/7(日) 23:45
136,VTuberなんだが配信切り忘れたら伝説になってた,1,・TOKYO MX: 7/7(日) 24:30
137,よあそびぐらしっ！,1,・TOKYO MX: 7/7(日) 25:00
138,異世界ゆるり紀行 ～子育てしながら冒険者します～,1,・テレビ東京: 7/7(日) 25:50
139,闇芝居 十三期,1,・テレビ東京: 7/14(日) 26:50
140,[再] ゲゲゲの鬼太郎 (第6期),1,・TOKYO MX: 5/1(月) 18:30
141,[再] ゾイド -ZOIDS-,1,・TOKYO MX: 4/3(月) 19:00
142,[再] ぷにるんず,1,・TOKYO MX: 7/29(月) 19:00
143,真夜中ぱんチ,1,・TOKYO MX: 7/8(月) 22:30
144,[再] MFゴースト,1,・TOKYO MX: 7/1(月) 23:00
145,[再] カードファイト!! ヴァンガード Divinez,1,・BS日テレ: 7/8(月) 23:00
146,[再] 文豪ストレイドッグス 第2シーズン,1,・BS松竹東急: 7/1(月) 23:30
147,NINJA KAMUI,1,・TOKYO MX: 7/1(月) 24:00
148,SHY (第2期),1,・テレビ東京系6局ネット: 7/1(月) 24:00
149,[再] 五等分の花嫁,1,・BS11: 7/8(月) 24:00
150,[再] ゴールデンカムイ 第三期,1,・TOKYO MX: 7/1(月) 24:30
151,狼と香辛料 merchant meets the wise wolf,1,・テレビ東京: 4/1(月) 25:30
152,新米オッサン冒険者、最強パーティに死ぬほど鍛えられて無敵になる。,1,・テレビ東京: 7/1(月) 26:00
153,[再] ＧＯ！ＧＯ！アトム,1,・TOKYO MX: 4/9(火) 18:30
154,[再] 名探偵ホームズ,1,・TOKYO MX: 4/9(火) 19:00
155,[再] マジンガーＺ,1,・TOKYO MX: 10/4(火) 19:30
156,[再] 機動戦士ガンダムSEED HDリマスター,1,・TOKYO MX: 2/13(火) 22:29
157,僕の妻は感情がない,1,・TOKYO MX: 7/2(火) 23:00
158,かつて魔法少女と悪は敵対していた。,1,・BS11: 7/9(火) 23:00
159,[再] 徒然チルドレン,1,・BS11: 7/9(火) 23:15
160,[再] 有頂天家族2,1,・BS松竹東急: 7/2(火) 23:30
161,[再] 即死チートが最強すぎて、異世界のやつらがまるで相手にならないんですが。,1,・BSフジ: 7/2(火) 24:00
162,[再] モノノ怪,1,・テレビ東京系列: 7/9(火) 24:00
163,異世界失格,1,・TOKYO MX: 7/9(火) 24:30
164,[再] 呪術廻戦,1,・BS日テレ: 7/2(火) 24:35
165,[再] 超普通県チバ伝説 (第4期),1,・TOKYO MX: 7/2(火) 25:00
166,[再] その着せ替え人形は恋をする,1,・BS11: 7/9(火) 25:00
167,銀河英雄伝説 Die Neue These 激突 (第3期),1,・日本テレビ: 7/2(火) 25:35
168,多数欠,1,・日本テレビ: 7/2(火) 26:10
169,ライジングインパクト シーズン2,1,・
170,[再] おジャ魔女どれみ,1,・TOKYO MX: 2/28(水) 18:30
171,[再] キラッとプリ☆チャン,1,・TOKYO MX: 8/30(水) 19:00
172,[再] デリシャスパーティ♡プリキュア,1,・TOKYO MX: 9/20(水) 19:30
173,湖池屋SDGs劇場 サスとテナ シーズン5,1,・BS朝日: 7/3(水) 20:54
174,魔王軍最強の魔術師は人間だった,1,・TOKYO MX: 7/3(水) 22:00
175,[再] TSUKIPRO THE ANIMATION,1,・TOKYO MX: 7/3(水) 22:30
176,【推しの子】 (第2期),1,・TOKYO MX: 7/3(水) 23:00
177,時々ボソッとロシア語でデレる隣のアーリャさん,1,・TOKYO MX: 7/3(水) 23:30
178,[再] 明治撃剣－1874－,1,・BS松竹東急: 7/17(水) 23:30
179,戦国妖狐 千魔混沌編 (第2期),1,・TOKYO МX: 7/17(水) 24:00
180,[再] 精霊幻想記,1,・BSフジ: 7/3(水) 24:30
181,デリコズ・ナーサリー,1,・TOKYO MX: 8/7(水) 24:30
182,[再] 柚木さんちの四兄弟。,1,・BS11: 7/3(水) 25:00
183,恋は双子で割り切れない,1,・TOKYO MX: 7/10(水) 25:00
184,[再] カミエラビ,1,・フジテレビ: 7/3(水) 25:10
185,下の階には澪がいる,1,・フジテレビ: 7/3(水) 25:25
186,キミと僕の最後の戦場、あるいは世界が始まる聖戦 season II,1,・TOKYO MX: 7/10(水) 25:30
187,T・Pぼん シーズン2,1,・
188,[再] ドキドキ！プリキュア,1,・TOKYO MX: 9/21(木) 19:30
189,義妹生活,1,・TOKYO MX: 7/4(木) 22:30
190,[再] BanG Dream! It's MyGO!!!!!,1,・TOKYO MX: 7/4(木) 23:00
191,[再] HUNTER×HUNTER(2011年版),1,・BS日テレ: 4/4(木) 23:30
192,黄昏アウトフォーカス,1,・TOKYO MX: 7/4(木) 23:30
193,[再] ARIA The NATURAL (第2期),1,・BS松竹東急: 8/1(木) 23:30
194,ラーメン赤猫,1,・TBS系28局: 7/4(木) 23:56
195,俺は全てを【パリイ】する〜逆勘違いの世界最強は冒険者になりたい〜,1,・TOKYO MX: 7/4(木) 24:00
196,女神のカフェテラス (第2期),1,・MBS/TBS系28局: 7/4(木) 24:26
197,疑似ハーレム,1,・TOKYO MX: 7/4(木) 24:30
198,[再] アルドノア・ゼロ,1,・BS11: 7/11(木) 24:30
199,ハズレ枠の【状態異常スキル】で最強になった俺がすべてを蹂躙するまで,1,・TBS: 7/4(木) 24:59
200,先輩はおとこのこ,1,・フジテレビ: 7/4(木) 25:10
201,[再] 七つの大罪 黙示録の四騎士,1,第2期放送に向けて第1期第2クール(13話)から放送
202,[再] 最強タンクの迷宮攻略〜体力9999のレアスキル持ちタンク、勇者パーティーを追放される〜,1,・BS12: 7/11(木) 26:00
203,君に届け 3RD SEASON,1,Netflixでの世界独占配信
204,Terminator Zero,1,・
205,BEYBLADE X,1,・テレビ東京: 10/6(金) 18:25
206,[再] 僕のヒーローアカデミア (第1期),1,・TOKYO MX: 7/5(金) 18:30
207,[再] 機動戦士ガンダム 水星の魔女,1,・BS11: 7/26(金) 19:30
208,[再] 百姓貴族,1,・TOKYO MX: 7/12(金) 21:54
209,[再] イナズマイレブン フットボールフロンティア編,1,・TOKYO MX: 7/5(金) 22:00
210,2.5次元の誘惑(リリサ),1,2クール連続放送
211,転生したらスライムだった件 第3期,1,・日本テレビ系列全国30局ネット「FRIDAY ANIME NIGHT（フラアニ）」枠: 4/5(金) 23:00
212,NieR:Automata Ver1.1a 第2クール,1,・TOKYO MX: 7/5(金) 23:30
213,ばいばい、アース,1,・WOWOW: 7/12(金) 23:30
214,[再] ソードアート・オンライン オルタナティブ ガンゲイル・オンライン,1,・TOKYO MX: 7/5(金) 24:00
215,異世界スーサイド・スクワッド,1,TOKYO MX、BS11にて放送予定
216,[再] Fate/stay night [Unlimited Blade Works],1,・BS11: 7/5(金) 25:00
217,グレンダイザーU,1,・テレビ東京: 7/5(金) 25:23
218,ダンジョンの中のひと,1,・MBS: 7/5(金) 25:53
219,未来の黒幕系悪役令嬢モリアーティーの異世界完全犯罪白書,1,・CBCテレビ: 7/19(金) 25:56
220,[再] 機甲創世記モスピーダ,1,・BS12: 7/5(金) 26:00
221,この世界は不完全すぎる,1,・TBS: 7/5(金) 26:23
222,[再] ダイヤのA actII (第3期),1,・BSJapanext: 6/21(金) 26:30
223,こねこのチー ポンポンらー夏休み (第5期),1,・Netflix: 7/19(金)
224,貼りまわれ！こいぬ (第2期),1,・テレビ東京: 7/6(土) 07:00
225,カードファイト!! ヴァンガード Divinez Season2,1,・テレビ東京系列6局ネット: 7/6(土) 08:00
226,[再] オーイ！とんぼ,1,・テレビ東京系列: 7/6(土) 10:00
227,[再] 機動武闘伝Gガンダム,1,・BS11: 7/27(土) 19:00
228,〈物語〉シリーズ オフ＆モンスターシーズン,1,・ABEMA: 7/6(土) 22:00
229,モブから始まる探索英雄譚,1,TOKYO MX、BS日テレにて放送予定
230,なぜ僕の世界を誰も覚えていないのか？,1,TOKYO MX、BS朝日、関西テレビほかにて放送
231,[再] VAZZROCK THE ANIMATION,1,・BS日テレ: 7/6(土) 23:00
232,天穂のサクナヒメ,1,・テレビ東京: 7/6(土) 23:00
233,逃げ上手の若君,1,・TOKYO MX: 7/6(土) 23:30
234,烏は主を選ばない,1,・NHK総合: 4/6(土) 23:45
235,ATRI -My Dear Moments-,1,・TOKYO MX: 7/13(土) 24:00
236,負けヒロインが多すぎる！,1,・TOKYO MX: 7/13(土) 24:30
237,ザ・ファブル,1,・日本テレビ: 4/6(土) 24:55
238,現代誤訳,1,・TOKYO MX: 7/6(土) 25:00
239,エルフさんは痩せられない。,1,・TOKYO MX: 7/6(土) 25:30
240,小市民シリーズ,1,・テレビ朝日系全国24局ネット“NUMAnimation”枠: 7/6(土) 25:40
241,[再] 犬になったら好きな人に拾われた。,1,・TOKYO MX: 7/6(土) 25:45
242,[再] いわかける！,1,・ABCテレビ・テレビ朝日系列全国24局ネット: 7/6(土) 26:00
243,魔導具師ダリヤはうつむかない,1,・MBS: 7/6(土) 27:38
244,わんだふるぷりきゅあ︕,2,・BSS山陰放送: 2/11(日) 06:15
245,新幹線変形ロボ シンカリオン チェンジ ザ ワールド,2,・BSテレ東: 4/7(日) 24:35
246,杖と剣のウィストリア,2,・BS日テレ: 7/16(火) 24:00
247,キャプテン翼シーズン2 ジュニアユース編,2,放送情報詳細
248,FAIRY TAIL 100年クエスト,2,放送情報詳細
249,0歳児スタートダッシュ物語,2,放送情報詳細
250,[再] ハクション大魔王,2,放送情報詳細
251,[再] アイドルマスター シンデレラガールズ,2,・TOKYO MX: 4/7(日) 21:30
252,伊藤潤二 マニアック,2,放送情報詳細
253,神之塔 -Tower of God- (第2期),2,・サンテレビ: 7/7(日) 23:30
254,[再] 転生貴族、鑑定スキルで成り上がる,2,放送情報詳細
255,キン肉マン 完璧超人始祖編 (第3期),2,・BS11: 7/12(金) 18:30
256,しかのこのこのここしたんたん,2,・BS日テレ: 7/7(日) 23:30
257,菜なれ花なれ,2,・BSテレ東: 7/8(月) 24:30
258,VTuberなんだが配信切り忘れたら伝説になってた,2,・サンテレビ: 7/7(日) 24:30
259,よあそびぐらしっ！,2,・BS11: 7/7(日) 25:00
260,異世界ゆるり紀行 ～子育てしながら冒険者します～,2,・BSテレ東: 7/11(木) 24:30
261,闇芝居 十三期,2,放送情報詳細
262,[再] ゲゲゲの鬼太郎 (第6期),2,放送情報詳細
263,[再] ゾイド -ZOIDS-,2,放送情報詳細
264,[再] ぷにるんず,2,放送情報詳細
265,真夜中ぱんチ,2,・BS11: 7/8(月) 23:00
266,[再] MFゴースト,2,放送情報詳細
267,[再] カードファイト!! ヴァンガード Divinez,2,毎週2話連続放送
268,[再] 文豪ストレイドッグス 第2シーズン,2,放送情報詳細
269,NINJA KAMUI,2,放送情報詳細
270,SHY (第2期),2,・BS日テレ: 7/1(月) 24:30
271,[再] 五等分の花嫁,2,放送情報詳細
272,[再] ゴールデンカムイ 第三期,2,放送情報詳細
273,狼と香辛料 merchant meets the wise wolf,2,・テレビ大阪: 4/1(月) 25:30
274,新米オッサン冒険者、最強パーティに死ぬほど鍛えられて無敵になる。,2,・MBS: 7/2(火) 26:30
275,[再] ＧＯ！ＧＯ！アトム,2,放送情報詳細
276,[再] 名探偵ホームズ,2,放送情報詳細
277,[再] マジンガーＺ,2,放送情報詳細
278,[再] 機動戦士ガンダムSEED HDリマスター,2,放送情報詳細
279,僕の妻は感情がない,2,・MBS: 7/2(火) 27:00
280,かつて魔法少女と悪は敵対していた。,2,・TOKYO MX: 7/9(火) 23:30
281,[再] 徒然チルドレン,2,放送情報詳細
282,[再] 有頂天家族2,2,放送情報詳細
283,[再] 即死チートが最強すぎて、異世界のやつらがまるで相手にならないんですが。,2,・TOKYO MX: 7/4(木) 22:00
284,[再] モノノ怪,2,放送情報詳細
285,異世界失格,2,・BS11: 7/9(火) 24:30
286,[再] 呪術廻戦,2,放送情報詳細
287,[再] 超普通県チバ伝説 (第4期),2,放送情報詳細
288,[再] その着せ替え人形は恋をする,2,放送情報詳細
289,銀河英雄伝説 Die Neue These 激突 (第3期),2,放送情報詳細
290,多数欠,2,次回以降25:59〜
291,ライジングインパクト シーズン2,2,Netflix
292,[再] おジャ魔女どれみ,2,放送情報詳細
293,[再] キラッとプリ☆チャン,2,放送情報詳細
294,[再] デリシャスパーティ♡プリキュア,2,放送情報詳細
295,湖池屋SDGs劇場 サスとテナ シーズン5,2,放送情報詳細
296,魔王軍最強の魔術師は人間だった,2,・BS朝日: 7/5(金) 23:00
297,[再] TSUKIPRO THE ANIMATION,2,・BS日テレ: 7/3(水) 23:00
298,【推しの子】 (第2期),2,・BS11: 7/3(水) 24:00
299,時々ボソッとロシア語でデレる隣のアーリャさん,2,・BS日テレ: 7/3(水) 24:30
300,[再] 明治撃剣－1874－,2,放送情報詳細
301,戦国妖狐 千魔混沌編 (第2期),2,・メ～テレ: 7/17(水) 25:29
302,[再] 精霊幻想記,2,放送情報詳細
303,デリコズ・ナーサリー,2,・BS11: 8/7(水) 24:30
304,[再] 柚木さんちの四兄弟。,2,放送情報詳細
305,恋は双子で割り切れない,2,・サンテレビ: 7/10(水) 25:00
306,[再] カミエラビ,2,・BSフジ: 7/10(水) 24:00
307,下の階には澪がいる,2,・BSフジ: 7/9(火) 24:30
308,キミと僕の最後の戦場、あるいは世界が始まる聖戦 season II,2,・BS11: 7/10(水) 25:30
309,T・Pぼん シーズン2,2,Netflix
310,[再] ドキドキ！プリキュア,2,放送情報詳細
311,義妹生活,2,・BS11: 7/4(木) 23:30
312,[再] BanG Dream! It's MyGO!!!!!,2,・BS日テレ: 7/4(木) 24:00
313,[再] HUNTER×HUNTER(2011年版),2,放送情報詳細
314,黄昏アウトフォーカス,2,・BSフジ: 7/4(木) 24:30
315,[再] ARIA The NATURAL (第2期),2,放送情報詳細
316,ラーメン赤猫,2,放送情報詳細
317,俺は全てを【パリイ】する〜逆勘違いの世界最強は冒険者になりたい〜,2,・BS11: 7/4(木) 24:00
318,女神のカフェテラス (第2期),2,・BS日テレ: 7/5(金) 22:30
319,疑似ハーレム,2,・ABEMA: 7/4(木) 24:30
320,[再] アルドノア・ゼロ,2,放送情報詳細
321,ハズレ枠の【状態異常スキル】で最強になった俺がすべてを蹂躙するまで,2,・IBC岩手放送: 7/4(木) 24:59
322,先輩はおとこのこ,2,次回以降24時55分～
323,[再] 七つの大罪 黙示録の四騎士,2,・TBS系: 7/4(木) 25:29
324,[再] 最強タンクの迷宮攻略〜体力9999のレアスキル持ちタンク、勇者パーティーを追放される〜,2,放送情報詳細
325,君に届け 3RD SEASON,2,・
326,Terminator Zero,2,Netflix
327,BEYBLADE X,2,・テレビ大阪: 10/6(金) 18:25
328,[再] 僕のヒーローアカデミア (第1期),2,放送情報詳細
329,[再] 機動戦士ガンダム 水星の魔女,2,放送情報詳細
330,[再] 百姓貴族,2,放送情報詳細
331,[再] イナズマイレブン フットボールフロンティア編,2,放送情報詳細
332,2.5次元の誘惑(リリサ),2,・TOKYO MX: 7/5(金) 22:30
333,転生したらスライムだった件 第3期,2,・BS11: 4/6(土) 22:00
334,NieR:Automata Ver1.1a 第2クール,2,・とちぎテレビ: 7/5(金) 23:30
335,ばいばい、アース,2,・BS日テレ: 7/13(土) 24:30
336,[再] ソードアート・オンライン オルタナティブ ガンゲイル・オンライン,2,・BS11: 7/5(金) 24:00
337,異世界スーサイド・スクワッド,2,・TOKYO MX: 7/5(金) 24:30
338,[再] Fate/stay night [Unlimited Blade Works],2,7月5日、7月12日は1時間SP放送
339,グレンダイザーU,2,・BSテレ東: 7/10(水) 24:30
340,ダンジョンの中のひと,2,・TBS: 7/5(金) 25:53
341,未来の黒幕系悪役令嬢モリアーティーの異世界完全犯罪白書,2,放送情報詳細
342,[再] 機甲創世記モスピーダ,2,放送情報詳細
343,この世界は不完全すぎる,2,・MBS: 7/5(金) 26:23
344,[再] ダイヤのA actII (第3期),2,毎週月曜～金曜放送
345,こねこのチー ポンポンらー夏休み (第5期),2,放送情報詳細
346,貼りまわれ！こいぬ (第2期),2,「イニミニマニモ」内にて
347,カードファイト!! ヴァンガード Divinez Season2,2,・BS日テレ: 7/6(土) 23:30
348,[再] オーイ！とんぼ,2,放送情報詳細
349,[再] 機動武闘伝Gガンダム,2,毎週2話連続放送
350,〈物語〉シリーズ オフ＆モンスターシーズン,2,放送情報詳細
351,モブから始まる探索英雄譚,2,・TOKYO MX: 7/6(土) 22:00
352,なぜ僕の世界を誰も覚えていないのか？,2,・TOKYO MX: 7/13(土) 22:30
353,[再] VAZZROCK THE ANIMATION,2,放送情報詳細
354,天穂のサクナヒメ,2,・テレビ大阪: 7/6(土) 23:00
355,逃げ上手の若君,2,・BS11: 7/6(土) 23:30
356,烏は主を選ばない,2,放送情報詳細
357,ATRI -My Dear Moments-,2,・BS11: 7/13(土) 24:00
358,負けヒロインが多すぎる！,2,・群馬テレビ: 7/13(土) 24:30
359,ザ・ファブル,2,・青森放送: 4/6(土) 24:55
360,現代誤訳,2,・BS11: 7/6(土) 25:00
361,エルフさんは痩せられない。,2,・BS11: 7/6(土) 25:30
362,小市民シリーズ,2,次回以降25:30〜
363,[再] 犬になったら好きな人に拾われた。,2,・BS11: 7/6(土) 25:45
364,[再] いわかける！,2,放送情報詳細
365,魔導具師ダリヤはうつむかない,2,・TOKYO MX: 7/7(日) 24:00
366,わんだふるぷりきゅあ︕,3,放送情報詳細
367,新幹線変形ロボ シンカリオン チェンジ ザ ワールド,3,・秋田放送: 4/19(金) 10:55
368,杖と剣のウィストリア,3,・AT-X: 7/9(火) 21:00
373,[再] アイドルマスター シンデレラガールズ,3,・BS11: 4/7(日) 22:30
375,神之塔 -Tower of God- (第2期),3,・KBS京都: 7/7(日) 24:00
377,キン肉マン 完璧超人始祖編 (第3期),3,・アニマックス: 7/27(土) 21:00
378,しかのこのこのここしたんたん,3,・福島放送: 7/9(火) 25:20
379,菜なれ花なれ,3,・AT-X: 7/10(水) 21:00
380,VTuberなんだが配信切り忘れたら伝説になってた,3,・KBS京都: 7/7(日) 24:45
381,よあそびぐらしっ！,3,放送情報詳細
382,異世界ゆるり紀行 ～子育てしながら冒険者します～,3,・テレビ愛知: 7/11(木) 25:30
387,真夜中ぱんチ,3,・KBS京都: 7/8(月) 24:00
389,[再] カードファイト!! ヴァンガード Divinez,3,放送情報詳細
392,SHY (第2期),3,・NST新潟総合テレビ: 7/4(木) 26:20
395,狼と香辛料 merchant meets the wise wolf,3,・テレビ愛知: 4/1(月) 25:30
396,新米オッサン冒険者、最強パーティに死ぬほど鍛えられて無敵になる。,3,・BSテレ東: 7/5(金) 24:30
401,僕の妻は感情がない,3,・BS朝日: 7/3(水) 23:30
402,かつて魔法少女と悪は敵対していた。,3,・AT-X: 7/9(火) 22:45
405,[再] 即死チートが最強すぎて、異世界のやつらがまるで相手にならないんですが。,3,・MBS: 7/6(土) 27:08
407,異世界失格,3,・北海道テレビ: 7/9(火) 25:55
412,多数欠,3,・BS日テレ: 7/3(水) 24:00
413,ライジングインパクト シーズン2,3,: 8/6(火)
418,魔王軍最強の魔術師は人間だった,3,・AT-X: 7/7(日) 23:00
419,[再] TSUKIPRO THE ANIMATION,3,放送情報詳細
420,【推しの子】 (第2期),3,・テレビ北海道: 7/3(水) 24:00
421,時々ボソッとロシア語でデレる隣のアーリャさん,3,・サンテレビ: 7/3(水) 24:30
423,戦国妖狐 千魔混沌編 (第2期),3,・ABCテレビ: 7/17(水) 26:44
425,デリコズ・ナーサリー,3,・群馬テレビ: 8/7(水) 24:30
427,恋は双子で割り切れない,3,・KBS京都: 7/11(木) 24:30
428,[再] カミエラビ,3,放送情報詳細
429,下の階には澪がいる,3,放送情報詳細
430,キミと僕の最後の戦場、あるいは世界が始まる聖戦 season II,3,・ABCテレビ: 7/10(水) 26:14
431,T・Pぼん シーズン2,3,: 7/17(水)
433,義妹生活,3,・関西テレビ: 7/4(木) 26:55
434,[再] BanG Dream! It's MyGO!!!!!,3,放送情報詳細
436,黄昏アウトフォーカス,3,・北海道テレビ: 7/6(土) 26:35
439,俺は全てを【パリイ】する〜逆勘違いの世界最強は冒険者になりたい〜,3,・MBS: 7/4(木) 26:30
440,女神のカフェテラス (第2期),3,・AT-X: 7/8(月) 21:00
441,疑似ハーレム,3,・U-NEXT: 7/4(木) 24:30
443,ハズレ枠の【状態異常スキル】で最強になった俺がすべてを蹂躙するまで,3,・BS11: 7/7(日) 24:00
444,先輩はおとこのこ,3,・岩手めんこいテレビ: 7/4(木) 25:10
445,[再] 七つの大罪 黙示録の四騎士,3,放送情報詳細
447,君に届け 3RD SEASON,3,Netflix
448,Terminator Zero,3,: 8/29(木)
449,BEYBLADE X,3,・テレビ愛知: 10/6(金) 18:25
454,2.5次元の誘惑(リリサ),3,・BS11: 7/5(金) 23:00
455,転生したらスライムだった件 第3期,3,放送情報詳細
456,NieR:Automata Ver1.1a 第2クール,3,・群馬テレビ: 7/5(金) 23:30
457,ばいばい、アース,3,放送情報詳細
458,[再] ソードアート・オンライン オルタナティブ ガンゲイル・オンライン,3,・群馬テレビ: 7/5(金) 24:00
459,異世界スーサイド・スクワッド,3,・BS11: 7/5(金) 24:30
460,[再] Fate/stay night [Unlimited Blade Works],3,放送情報詳細
461,グレンダイザーU,3,・アニマックス: 7/27(土) 23:00
462,ダンジョンの中のひと,3,・BS-TBS: 7/5(金) 26:30
465,この世界は不完全すぎる,3,・BS-TBS: 7/5(金) 27:00
466,[再] ダイヤのA actII (第3期),3,放送情報詳細
468,貼りまわれ！こいぬ (第2期),3,・テレビ北海道: 7/9(火) 17:25
469,カードファイト!! ヴァンガード Divinez Season2,3,放送情報詳細
471,[再] 機動武闘伝Gガンダム,3,放送情報詳細
473,モブから始まる探索英雄譚,3,・BS日テレ: 7/6(土) 22:30
474,なぜ僕の世界を誰も覚えていないのか？,3,・BS朝日: 7/14(日) 23:00
476,天穂のサクナヒメ,3,・テレビ愛知: 7/6(土) 23:00
477,逃げ上手の若君,3,・とちぎテレビ: 7/6(土) 23:30
479,ATRI -My Dear Moments-,3,・群馬テレビ: 7/13(土) 24:00
480,負けヒロインが多すぎる！,3,・とちぎテレビ: 7/13(土) 24:30
481,ザ・ファブル,3,・テレビ岩手: 4/6(土) 24:55
482,現代誤訳,3,・テレビ北海道: 7/9(火) 26:05
483,エルフさんは痩せられない。,3,・AT-X: 7/8(月) 23:30
484,小市民シリーズ,3,・BS朝日: 7/13(土) 25:00
485,[再] 犬になったら好きな人に拾われた。,3,放送情報詳細
487,魔導具師ダリヤはうつむかない,3,・BS11: 7/7(日) 24:30
489,新幹線変形ロボ シンカリオン チェンジ ザ ワールド,4,・奈良テレビ: 4/19(金) 19:25
490,杖と剣のウィストリア,4,放送情報詳細
495,[再] アイドルマスター シンデレラガールズ,4,放送情報詳細
497,神之塔 -Tower of God- (第2期),4,・BS日テレ: 7/8(月) 24:00
499,キン肉マン 完璧超人始祖編 (第3期),4,放送情報詳細
500,しかのこのこのここしたんたん,4,・テレビ愛知: 7/9(火) 25:30
501,菜なれ花なれ,4,放送情報詳細
502,VTuberなんだが配信切り忘れたら伝説になってた,4,・BS日テレ: 7/9(火) 23:35
504,異世界ゆるり紀行 ～子育てしながら冒険者します～,4,・チューリップテレビ: 7/11(木) 26:26
509,真夜中ぱんチ,4,・サンテレビ: 7/8(月) 24:00
514,SHY (第2期),4,・AT-X: 7/3(水) 21:30
517,狼と香辛料 merchant meets the wise wolf,4,・BSテレ東: 4/2(火) 24:59
518,新米オッサン冒険者、最強パーティに死ぬほど鍛えられて無敵になる。,4,放送情報詳細
523,僕の妻は感情がない,4,・CBC: 7/20(土) 26:03
524,かつて魔法少女と悪は敵対していた。,4,放送情報詳細
527,[再] 即死チートが最強すぎて、異世界のやつらがまるで相手にならないんですが。,4,放送情報詳細
529,異世界失格,4,・RKB毎日放送: 7/9(火) 27:00
534,多数欠,4,・RAB青森放送: 7/3(水) 25:24
535,ライジングインパクト シーズン2,4,放送情報詳細
540,魔王軍最強の魔術師は人間だった,4,放送情報詳細
542,【推しの子】 (第2期),4,・サンテレビ: 7/3(水) 24:00
543,時々ボソッとロシア語でデレる隣のアーリャさん,4,・KBS京都: 7/3(水) 24:30
545,戦国妖狐 千魔混沌編 (第2期),4,・BS朝日: 7/19(金) 23:30
547,デリコズ・ナーサリー,4,・とちぎテレビ: 8/7(水) 24:30
549,恋は双子で割り切れない,4,・BS日テレ: 7/11(木) 25:00
552,キミと僕の最後の戦場、あるいは世界が始まる聖戦 season II,4,・AT-X: 7/10(水) 22:30
553,T・Pぼん シーズン2,4,放送情報詳細
555,義妹生活,4,・AT-X: 7/4(木) 21:00
558,黄昏アウトフォーカス,4,・AT-X: 7/11(木) 20:30
561,俺は全てを【パリイ】する〜逆勘違いの世界最強は冒険者になりたい〜,4,・AT-X: 7/7(日) 22:00
562,女神のカフェテラス (第2期),4,放送情報詳細
563,疑似ハーレム,4,・アニメ放題: 7/4(木) 24:30
565,ハズレ枠の【状態異常スキル】で最強になった俺がすべてを蹂躙するまで,4,・とちぎテレビ: 7/11(木) 23:00
566,先輩はおとこのこ,4,次回以降24時55分～
569,君に届け 3RD SEASON,4,: 8/1(木)
570,Terminator Zero,4,放送情報詳細
571,BEYBLADE X,4,・テレビせとうち: 10/6(金) 18:25
576,2.5次元の誘惑(リリサ),4,・tvk: 7/5(金) 24:00
578,NieR:Automata Ver1.1a 第2クール,4,・BS11: 7/5(金) 23:30
580,[再] ソードアート・オンライン オルタナティブ ガンゲイル・オンライン,4,・とちぎテレビ: 7/5(金) 24:00
581,異世界スーサイド・スクワッド,4,・ABEMAアニメSPECIAL3チャンネル: 7/5(金) 24:30
583,グレンダイザーU,4,・AT-X: 7/11(木) 21:30
584,ダンジョンの中のひと,4,・UX新潟テレビ21: 7/8(月) 25:15
587,この世界は不完全すぎる,4,放送情報詳細
590,貼りまわれ！こいぬ (第2期),4,・AT-X: 7/11(木) 22:00
595,モブから始まる探索英雄譚,4,・テレビ長崎: 7/11(木) 25:03
596,なぜ僕の世界を誰も覚えていないのか？,4,・関西テレビ: 7/14(日) 25:59
598,天穂のサクナヒメ,4,・テレビせとうち: 7/6(土) 23:00
599,逃げ上手の若君,4,・群馬テレビ: 7/6(土) 23:30
601,ATRI -My Dear Moments-,4,・とちぎテレビ: 7/13(土) 24:00
602,負けヒロインが多すぎる！,4,・BS11: 7/13(土) 24:30
603,ザ・ファブル,4,・山形放送: 4/6(土) 24:55
604,現代誤訳,4,放送情報詳細
605,エルフさんは痩せられない。,4,放送情報詳細
606,小市民シリーズ,4,・CSテレ朝チャンネル1: 8/4(日) 21:00
609,魔導具師ダリヤはうつむかない,4,・AT-X: 7/6(土) 21:00
611,新幹線変形ロボ シンカリオン チェンジ ザ ワールド,5,・福島テレビ: 4/20(土) 05:00
619,神之塔 -Tower of God- (第2期),5,放送情報詳細
622,しかのこのこのここしたんたん,5,・静岡放送: 7/9(火) 25:55
624,VTuberなんだが配信切り忘れたら伝説になってた,5,次回以降23:30〜
626,異世界ゆるり紀行 ～子育てしながら冒険者します～,5,・テレビユー福島: 7/12(金) 25:23
631,真夜中ぱんチ,5,・チューリップテレビ: 7/8(月) 25:50
636,SHY (第2期),5,放送情報詳細
639,狼と香辛料 merchant meets the wise wolf,5,次回以降24:30～
645,僕の妻は感情がない,5,・AT-X: 7/4(木) 23:00
651,異世界失格,5,・MBS: 7/9(火) 27:30
656,多数欠,5,・AT-X: 7/4(木) 22:30
664,【推しの子】 (第2期),5,・KBS京都: 7/3(水) 24:00
665,時々ボソッとロシア語でデレる隣のアーリャさん,5,・ミヤギテレビ: 7/3(水) 25:59
667,戦国妖狐 千魔混沌編 (第2期),5,放送情報詳細
669,デリコズ・ナーサリー,5,・MBS: 8/10(土) 26:38
671,恋は双子で割り切れない,5,・AT-X: 7/10(水) 23:30
674,キミと僕の最後の戦場、あるいは世界が始まる聖戦 season II,5,放送情報詳細
677,義妹生活,5,放送情報詳細
680,黄昏アウトフォーカス,5,放送情報詳細
683,俺は全てを【パリイ】する〜逆勘違いの世界最強は冒険者になりたい〜,5,放送情報詳細
685,疑似ハーレム,5,・BSフジ: 7/5(金) 24:30
687,ハズレ枠の【状態異常スキル】で最強になった俺がすべてを蹂躙するまで,5,・AT-X: 7/8(月) 20:00
688,先輩はおとこのこ,5,・さくらんぼテレビジョン: 7/4(木) 25:10
691,君に届け 3RD SEASON,5,放送情報詳細
693,BEYBLADE X,5,・テレビ北海道: 10/6(金) 18:25
698,2.5次元の誘惑(リリサ),5,・テレビ埼玉: 7/5(金) 24:30
700,NieR:Automata Ver1.1a 第2クール,5,・読売テレビ: 7/8(月) 26:29
702,[再] ソードアート・オンライン オルタナティブ ガンゲイル・オンライン,5,・AT-X: 7/8(月) 22:00
703,異世界スーサイド・スクワッド,5,放送情報詳細
705,グレンダイザーU,5,放送情報詳細
706,ダンジョンの中のひと,5,・EBCテレビ愛媛: 7/8(月) 25:30
712,貼りまわれ！こいぬ (第2期),5,放送情報詳細
717,モブから始まる探索英雄譚,5,・AT-X: 7/9(火) 23:00
718,なぜ僕の世界を誰も覚えていないのか？,5,・AT-X: 7/16(火) 20:30
720,天穂のサクナヒメ,5,・テレビ北海道: 7/6(土) 23:00
721,逃げ上手の若君,5,・MBS: 7/6(土) 26:08
723,ATRI -My Dear Moments-,5,・AT-X: 7/15(月) 21:30
724,負けヒロインが多すぎる！,5,・中京テレビ: 7/13(土) 25:25
725,ザ・ファブル,5,・山梨放送: 4/6(土) 24:55
728,小市民シリーズ,5,放送情報詳細
731,魔導具師ダリヤはうつむかない,5,放送情報詳細
733,新幹線変形ロボ シンカリオン チェンジ ザ ワールド,6,4/20、4/27はあさ5時30分～
744,しかのこのこのここしたんたん,6,・北海道放送: 7/11(木) 25:56
746,VTuberなんだが配信切り忘れたら伝説になってた,6,・AT-X: 7/7(日) 23:30
748,異世界ゆるり紀行 ～子育てしながら冒険者します～,6,・テレビ北海道: 7/12(金) 25:43
753,真夜中ぱんチ,6,・AT-X: 7/8(月) 22:30
761,狼と香辛料 merchant meets the wise wolf,6,・AT-X: 4/3(水) 22:00
767,僕の妻は感情がない,6,放送情報詳細
773,異世界失格,6,・メ～テレ: 7/13(土) 26:30
778,多数欠,6,放送情報詳細
786,【推しの子】 (第2期),6,・tvk: 7/3(水) 24:00
787,時々ボソッとロシア語でデレる隣のアーリャさん,6,第3話以降は25:29～放送
791,デリコズ・ナーサリー,6,放送情報詳細
793,恋は双子で割り切れない,6,放送情報詳細
807,疑似ハーレム,6,・dアニメストア: 7/7(日) 24:30
809,ハズレ枠の【状態異常スキル】で最強になった俺がすべてを蹂躙するまで,6,放送情報詳細
810,先輩はおとこのこ,6,次回以降24時55分～
815,BEYBLADE X,6,・TVQ九州放送: 10/6(金) 18:25
820,2.5次元の誘惑(リリサ),6,・千葉テレビ: 7/5(金) 25:00
822,NieR:Automata Ver1.1a 第2クール,6,・中京テレビ: 7/9(火) 25:57
824,[再] ソードアート・オンライン オルタナティブ ガンゲイル・オンライン,6,放送情報詳細
828,ダンジョンの中のひと,6,・HTB北海道テレビ: 7/8(月) 26:25
839,モブから始まる探索英雄譚,6,放送情報詳細
840,なぜ僕の世界を誰も覚えていないのか？,6,放送情報詳細
842,天穂のサクナヒメ,6,・TVQ九州放送: 7/6(土) 23:00
843,逃げ上手の若君,6,・RKB毎日放送: 7/9(火) 25:58
845,ATRI -My Dear Moments-,6,放送情報詳細
846,負けヒロインが多すぎる！,6,・読売テレビ: 7/15(月) 25:59
847,ザ・ファブル,6,・南海放送: 4/6(土) 24:55
855,新幹線変形ロボ シンカリオン チェンジ ザ ワールド,7,・テレビ和歌山: 4/20(土) 09:00
866,しかのこのこのここしたんたん,7,・テレビせとうち: 7/12(金) 17:25
868,VTuberなんだが配信切り忘れたら伝説になってた,7,放送情報詳細
870,異世界ゆるり紀行 ～子育てしながら冒険者します～,7,・新潟放送: 7/12(金) 25:53
875,真夜中ぱんチ,7,放送情報詳細
883,狼と香辛料 merchant meets the wise wolf,7,放送情報詳細
895,異世界失格,7,・AT-X: 7/9(火) 23:30
908,【推しの子】 (第2期),7,・テレビ和歌山: 7/3(水) 24:00
909,時々ボソッとロシア語でデレる隣のアーリャさん,7,・テレビ新広島: 7/3(水) 26:00
929,疑似ハーレム,7,・AT-X: 7/6(土) 23:30
932,先輩はおとこのこ,7,・福島テレビ: 7/4(木) 25:10
937,BEYBLADE X,7,放送情報詳細
942,2.5次元の誘惑(リリサ),7,・テレQ: 7/5(金) 25:48
944,NieR:Automata Ver1.1a 第2クール,7,・福岡放送: 7/9(火) 25:59
950,ダンジョンの中のひと,7,・AT-X: 7/8(月) 23:00
964,天穂のサクナヒメ,7,・熊本県民テレビ: 7/18(木) 25:29
965,逃げ上手の若君,7,・長崎文化放送: 7/10(水) 25:18
968,負けヒロインが多すぎる！,7,放送情報詳細
969,ザ・ファブル,7,・広島テレビ: 4/6(土) 25:25
977,新幹線変形ロボ シンカリオン チェンジ ザ ワールド,8,・仙台放送: 4/21(日) 08:30
988,しかのこのこのここしたんたん,8,・長崎文化放送: 7/12(金) 25:20
992,異世界ゆるり紀行 ～子育てしながら冒険者します～,8,第3話：7月26日26:03〜
1017,異世界失格,8,放送情報詳細
1030,【推しの子】 (第2期),8,・三重テレビ放送: 7/3(水) 24:20
1031,時々ボソッとロシア語でデレる隣のアーリャさん,8,・テレビ静岡: 7/3(水) 26:10
1051,疑似ハーレム,8,放送情報詳細
1054,先輩はおとこのこ,8,次回以降24時55分～
1064,2.5次元の誘惑(リリサ),8,・テレビ愛知: 7/5(金) 26:05
1066,NieR:Automata Ver1.1a 第2クール,8,・札幌テレビ: 7/11(木) 25:59
1072,ダンジョンの中のひと,8,・RKK熊本放送: 8/9(金) 25:23
1086,天穂のサクナヒメ,8,・AT-X: 7/9(火) 21:30
1087,逃げ上手の若君,8,・宮崎放送: 7/10(水) 25:26
1091,ザ・ファブル,8,・テレビ宮崎: 4/6(土) 25:50
1099,新幹線変形ロボ シンカリオン チェンジ ザ ワールド,9,・福井テレビ: 4/27(土) 10:50
1110,しかのこのこのここしたんたん,9,・とちぎテレビ: 7/16(火) 23:00
1114,異世界ゆるり紀行 ～子育てしながら冒険者します～,9,・熊本放送: 7/12(金) 26:23
1152,【推しの子】 (第2期),9,・KSB瀬戸内海放送: 7/3(水) 24:20
1153,時々ボソッとロシア語でデレる隣のアーリャさん,9,・新潟放送: 7/3(水) 26:30
1176,先輩はおとこのこ,9,・サガテレビ: 7/4(木) 25:10
1186,2.5次元の誘惑(リリサ),9,・MBS: 7/5(金) 26:53
1188,NieR:Automata Ver1.1a 第2クール,9,・アニマックス: 8/10(土) 22:30
1194,ダンジョンの中のひと,9,・HAB北陸朝日放送: 8/17(土) 26:30
1208,天穂のサクナヒメ,9,放送情報詳細
1209,逃げ上手の若君,9,・愛媛朝日テレビ: 7/10(水) 25:50
1213,ザ・ファブル,9,・静岡第一テレビ: 4/6(土) 25:55
1221,新幹線変形ロボ シンカリオン チェンジ ザ ワールド,10,放送情報詳細
1232,しかのこのこのここしたんたん,10,・AT-X: 7/11(木) 23:30
1236,異世界ゆるり紀行 ～子育てしながら冒険者します～,10,第3話：7月26日27:03〜
1274,【推しの子】 (第2期),10,・テレビ愛媛: 7/3(水) 24:25
1275,時々ボソッとロシア語でデレる隣のアーリャさん,10,・日本海テレビ: 7/3(水) 26:35
1298,先輩はおとこのこ,10,次回以降24時55分～
1308,2.5次元の誘惑(リリサ),10,・AT-X: 7/7(日) 21:30
1310,NieR:Automata Ver1.1a 第2クール,10,放送情報詳細
1316,ダンジョンの中のひと,10,放送情報詳細
1331,逃げ上手の若君,10,・HTB北海道テレビ: 7/10(水) 25:55
1335,ザ・ファブル,10,・中京テレビ: 4/6(土) 25:55
1354,しかのこのこのここしたんたん,11,放送情報詳細
1358,異世界ゆるり紀行 ～子育てしながら冒険者します～,11,・静岡放送: 7/13(土) 26:23
1396,【推しの子】 (第2期),11,・熊本朝日放送: 7/3(水) 24:50
1397,時々ボソッとロシア語でデレる隣のアーリャさん,11,・ＲＫＢ毎日放送: 7/3(水) 27:00
1420,先輩はおとこのこ,11,・テレビ愛媛: 7/4(木) 25:20
1430,2.5次元の誘惑(リリサ),11,・アニマックス: 8/3(土) 22:00
1453,逃げ上手の若君,11,・テレビ新潟: 7/10(水) 25:59
1457,ザ・ファブル,11,・四国放送: 4/6(土) 25:55
1480,異世界ゆるり紀行 ～子育てしながら冒険者します～,12,第3話以降26:13～
1518,【推しの子】 (第2期),12,・TSKさんいん中央テレビ: 7/3(水) 24:55
1519,時々ボソッとロシア語でデレる隣のアーリャさん,12,・テレビ山梨: 7/3(水) 27:00
1542,先輩はおとこのこ,12,次回以降25時05分～
1552,2.5次元の誘惑(リリサ),12,放送情報詳細
1575,逃げ上手の若君,12,・中京テレビ: 7/10(水) 25:59
1579,ザ・ファブル,12,・西日本放送: 4/7(日) 25:25
1602,異世界ゆるり紀行 ～子育てしながら冒険者します～,13,・秋田放送: 7/16(火) 25:24
1640,【推しの子】 (第2期),13,・テレビユー福島: 7/3(水) 24:58
1641,時々ボソッとロシア語でデレる隣のアーリャさん,13,・長崎放送: 7/4(木) 25:41
1664,先輩はおとこのこ,13,・秋田テレビ: 7/4(木) 25:35
1697,逃げ上手の若君,13,・北陸放送: 7/10(水) 26:00
1701,ザ・ファブル,13,・福岡放送: 4/8(月) 25:59
1724,異世界ゆるり紀行 ～子育てしながら冒険者します～,14,・鹿児島讀賣テレビ: 7/18(木) 26:07
1762,【推しの子】 (第2期),14,・FBC福井放送: 7/3(水) 24:59
1763,時々ボソッとロシア語でデレる隣のアーリャさん,14,・HTB北海道テレビ: 7/4(木) 25:55
1786,先輩はおとこのこ,14,次回以降25時20分～
1819,逃げ上手の若君,14,・静岡放送: 7/10(水) 26:15
1823,ザ・ファブル,14,・長崎国際テレビ: 4/9(火) 25:29
1846,異世界ゆるり紀行 ～子育てしながら冒険者します～,15,・テレビユー山形: 7/19(金) 25:23
1884,【推しの子】 (第2期),15,・テレビ愛知: 7/3(水) 25:00
1885,時々ボソッとロシア語でデレる隣のアーリャさん,15,・テレビユー福島: 7/4(木) 25:58
1908,先輩はおとこのこ,15,・仙台放送: 7/4(木) 25:45
1941,逃げ上手の若君,15,・大分放送: 7/10(水) 26:25
1945,ザ・ファブル,15,・日本海テレビジョン: 4/9(火) 26:00
1968,異世界ゆるり紀行 ～子育てしながら冒険者します～,16,・AT-X: 7/12(金) 20:00
2006,【推しの子】 (第2期),16,・tbc東北放送: 7/3(水) 25:00
2007,時々ボソッとロシア語でデレる隣のアーリャさん,16,第2話以降は25:28～放送
2030,先輩はおとこのこ,16,次回以降25時30分～
2063,逃げ上手の若君,16,・IBC岩手放送: 7/10(水) 26:28
2067,ザ・ファブル,16,・高知放送: 4/10(水) 25:24
2090,異世界ゆるり紀行 ～子育てしながら冒険者します～,17,・IBC岩手放送: 8/2(金) 25:23
2128,【推しの子】 (第2期),17,・群馬テレビ: 7/3(水) 25:00
2129,時々ボソッとロシア語でデレる隣のアーリャさん,17,・メ～テレ: 7/4(木) 26:00
2152,先輩はおとこのこ,17,・テレビ静岡: 7/4(木) 25:45
2185,逃げ上手の若君,17,・テレビユー福島: 7/11(木) 24:59
2189,ザ・ファブル,17,・鹿児島讀賣テレビ: 4/10(水) 25:34
2212,異世界ゆるり紀行 ～子育てしながら冒険者します～,18,放送情報詳細
2250,【推しの子】 (第2期),18,・奈良テレビ放送: 7/3(水) 25:00
2251,時々ボソッとロシア語でデレる隣のアーリャさん,18,・あいテレビ: 7/4(木) 26:00
2274,先輩はおとこのこ,18,・鹿児島テレビ: 7/4(木) 25:45
2307,逃げ上手の若君,18,・鹿児島放送: 7/11(木) 25:20
2311,ザ・ファブル,18,・札幌テレビ: 4/10(水) 25:59
2372,【推しの子】 (第2期),19,・びわ湖放送: 7/3(水) 25:00
2373,時々ボソッとロシア語でデレる隣のアーリャさん,19,・IBC岩手放送: 7/4(木) 26:58
2396,先輩はおとこのこ,19,次回以降25時30分～
2429,逃げ上手の若君,19,・琉球朝日放送: 7/11(木) 25:20
2433,ザ・ファブル,19,・北日本放送: 4/10(水) 25:59
2494,【推しの子】 (第2期),20,・abn 長野朝日放送: 7/3(水) 25:20
2495,時々ボソッとロシア語でデレる隣のアーリャさん,20,・チューリップテレビ: 7/5(金) 26:23
2518,先輩はおとこのこ,20,・長野放送: 7/4(木) 25:45
2551,逃げ上手の若君,20,・さくらんぼテレビ: 7/11(木) 25:25
2555,ザ・ファブル,20,・熊本県民テレビ: 4/11(木) 24:59
2616,【推しの子】 (第2期),21,・KKB鹿児島放送: 7/3(水) 25:20
2617,時々ボソッとロシア語でデレる隣のアーリャさん,21,・北陸放送: 7/5(金) 26:45
2640,先輩はおとこのこ,21,次回以降25時30分～
2673,逃げ上手の若君,21,・東日本放送: 7/11(木) 25:31
2677,ザ・ファブル,21,・テレビ大分: 4/11(木) 24:59
2738,【推しの子】 (第2期),22,・UTYテレビ山梨: 7/3(水) 25:25
2739,時々ボソッとロシア語でデレる隣のアーリャさん,22,・福井テレビ: 7/6(土) 25:15
2762,先輩はおとこのこ,22,・テレビ新広島: 7/4(木) 26:00
2795,逃げ上手の若君,22,・信越放送: 7/11(木) 25:42
2799,ザ・ファブル,22,・秋田放送: 4/11(木) 25:24
2860,【推しの子】 (第2期),23,・RCC中国放送: 7/3(水) 25:25
2861,時々ボソッとロシア語でデレる隣のアーリャさん,23,・テレビユー山形: 7/6(土) 25:58
2884,先輩はおとこのこ,23,・テレビ熊本: 7/4(木) 26:00
2917,逃げ上手の若君,23,・秋田朝日放送: 7/11(木) 25:50
2921,ザ・ファブル,23,・テレビ新潟: 4/11(木) 25:29
2982,【推しの子】 (第2期),24,・NST新潟総合テレビ: 7/3(水) 25:29
2983,時々ボソッとロシア語でデレる隣のアーリャさん,24,・鹿児島放送: 7/6(土) 27:30
3006,先輩はおとこのこ,24,次回以降25時45分～
3039,逃げ上手の若君,24,・青森放送: 7/11(木) 25:54
3043,ザ・ファブル,24,・テレビ金沢: 4/11(木) 25:35
3104,【推しの子】 (第2期),25,・TVQ九州放送: 7/3(水) 25:30
3105,時々ボソッとロシア語でデレる隣のアーリャさん,25,毎月第1週目の放送は27:30～、それ以外の週は27:00～放送
3128,先輩はおとこのこ,25,・NST新潟総合テレビ: 7/4(木) 26:05
3161,逃げ上手の若君,25,・RSK山陽放送: 7/11(木) 25:55
3165,ザ・ファブル,25,・テレビ信州: 4/11(木) 25:44
3226,【推しの子】 (第2期),26,・とちぎテレビ: 7/3(水) 25:30
3227,時々ボソッとロシア語でデレる隣のアーリャさん,26,・琉球放送: 7/8(月) 26:19
3250,先輩はおとこのこ,26,次回以降25時50分～
3283,逃げ上手の若君,26,・広島テレビ: 7/11(木) 25:59
3287,ザ・ファブル,26,・山口放送: 4/11(木) 25:54
3348,【推しの子】 (第2期),27,・チバテレ: 7/3(水) 25:30
3349,時々ボソッとロシア語でデレる隣のアーリャさん,27,・AT-X: 7/5(金) 23:00
3372,先輩はおとこのこ,27,・関西テレビ: 7/4(木) 26:10
3405,逃げ上手の若君,27,・テレビ山口: 7/11(木) 26:00
3409,ザ・ファブル,27,・福井放送: 4/12(金) 24:30
3470,【推しの子】 (第2期),28,・テレ玉: 7/3(水) 25:30
3471,時々ボソッとロシア語でデレる隣のアーリャさん,28,放送情報詳細
3494,先輩はおとこのこ,28,次回以降25時55分～
3527,逃げ上手の若君,28,・チューリップテレビ: 7/12(金) 25:53
3531,ザ・ファブル,28,・讀賣テレビ: 4/12(金) 25:05
3592,【推しの子】 (第2期),29,・MRO北陸放送: 7/3(水) 25:30
3616,先輩はおとこのこ,29,・テレビ西日本: 7/4(木) 26:10
3649,逃げ上手の若君,29,・熊本放送: 7/12(金) 25:53
3653,ザ・ファブル,29,・福島中央テレビ: 4/12(金) 25:56
3714,【推しの子】 (第2期),30,・SBS静岡放送: 7/3(水) 25:45
3738,先輩はおとこのこ,30,次回以降25時55分～
3771,逃げ上手の若君,30,・テレビ山梨: 7/12(金) 26:55
3775,ザ・ファブル,30,・ミヤギテレビ: 4/12(金) 25:59
3836,【推しの子】 (第2期),31,・AAB秋田朝日放送: 7/3(水) 25:50
3860,先輩はおとこのこ,31,・東海テレビ: 7/4(木) 26:24
3893,逃げ上手の若君,31,・アニマックス: 7/27(土) 20:30
3897,ザ・ファブル,31,・BS日テレ: 4/13(土) 24:00
3958,【推しの子】 (第2期),32,・NBC長崎放送: 7/3(水) 25:56
3982,先輩はおとこのこ,32,次回以降26時04分～
4015,逃げ上手の若君,32,放送情報詳細
4019,ザ・ファブル,32,放送情報詳細
4080,【推しの子】 (第2期),33,・IBC岩手放送: 7/3(水) 25:58
4104,先輩はおとこのこ,33,・北海道文化放送: 7/10(水) 24:25
4202,【推しの子】 (第2期),34,・UMKテレビ宮崎: 7/3(水) 26:24
4226,先輩はおとこのこ,34,・高知さんさんテレビ: 7/25(木) 25:00
4324,【推しの子】 (第2期),35,・AT-X: 7/5(金) 22:30
4348,先輩はおとこのこ,35,次回以降24時55分～
4446,【推しの子】 (第2期),36,放送情報詳細
4470,先輩はおとこのこ,36,・AT-X: 7/20(土) 21:30
4592,先輩はおとこのこ,37,放送情報詳細
